<?xml version="1.0" encoding="UTF-8"?>
<rss version="2.0" xmlns:ror="http://rorweb.com/0.1/" >
<channel>
  <title>ROR Sitemap for http://baoveanninhphiabac.ga/</title>
  <link>http://baoveanninhphiabac.ga/</link>

<item>
     <link>https://baoveanninhphiabac.ga/</link>
     <title>Việc làm bảo vệ tại Vĩnh Phúc - Tuyển gấp 60 nam/nữ làm nhân viên</title>
     <description>Tìm việc làm bảo vệ tại Vĩnh Phúc, công ty cần tuyển nhân viên bảo vệ vĩnh yên. Đảm bảo thu nhập từ 6.5-12 triệu, hỗ trợ ăn, ở miễn phí. Còn nhận hồ sơ xin</description>
     <ror:updatePeriod></ror:updatePeriod>
     <ror:sortOrder>0</ror:sortOrder>
     <ror:resourceOf>sitemap</ror:resourceOf>
</item>
<item>
     <link>https://baoveanninhphiabac.ga/tuyen-dung/</link>
     <title>Nộp hồ sơ xin làm nhân viên bảo vệ -Công ty bảo vệ tại Vĩnh Phúc</title>
     <description>Công Ty Tnhh Dịch Vụ Bảo Vệ An Ninh Phía Bắc, Lạc Long Quân, Hùng Vương, Phúc Yên, Vĩnh Phúc nhận hồ sơ xin làm bảo vệ, kcn khai quang tuyển dụng bảo vệ...</description>
     <ror:updatePeriod></ror:updatePeriod>
     <ror:sortOrder>1</ror:sortOrder>
     <ror:resourceOf>sitemap</ror:resourceOf>
</item>
<item>
     <link>https://baoveanninhphiabac.ga/nop-ho-so-ung-tuyen/</link>
     <title>Việc làm bảo vệ tại Vĩnh Phúc - Tuyển gấp 60 nam/nữ làm nhân viên</title>
     <description>Tìm việc làm bảo vệ tại Vĩnh Phúc, công ty cần tuyển nhân viên bảo vệ vĩnh yên. Đảm bảo thu nhập từ 6.5-12 triệu, hỗ trợ ăn, ở miễn phí. Còn nhận hồ sơ xin</description>
     <ror:updatePeriod></ror:updatePeriod>
     <ror:sortOrder>1</ror:sortOrder>
     <ror:resourceOf>sitemap</ror:resourceOf>
</item>
<item>
     <link>https://baoveanninhphiabac.ga/tuyen-dung/tuyen-bao-ve-vinh-yen-can-gap-20-nhan-vien-bao-ve-ca-ngay-va-toi/</link>
     <title>Tuyển bảo vệ Vĩnh Yên Cần gấp 20 Nhân viên bảo vệ ca ngày và tối</title>
     <description>Tìm việc làm bảo vệ tại Vĩnh Yên, ứng tuyển bảo vệ tại Vĩnh Phúc. Đảm bảo thu nhập từ 6.5-10 triệu, có chỗ ở miễn phí. Công ty bảo vệ tại Vĩnh Phúc cần gấp</description>
     <ror:updatePeriod></ror:updatePeriod>
     <ror:sortOrder>1</ror:sortOrder>
     <ror:resourceOf>sitemap</ror:resourceOf>
</item>
<item>
     <link>https://baoveanninhphiabac.ga/tuyen-dung/tuyen-dung-phuc-yen-can-tuyen-05-nhan-vien-lam-bao-ve-kho-hang/</link>
     <title>Tuyển dụng phúc yên: Cần tuyển 05 nhân viên làm bảo vệ kho hàng</title>
     <description>Tìm việc làm tại Phúc Yên, công ty bảo vệ An Ninh Phia Bắc tuyển dụng phúc yên, 05 nv bảo vệ kho hàng lương 5-6tr2, có chỗ ở, còn nhận hồ sơ đi làm ngay...</description>
     <ror:updatePeriod></ror:updatePeriod>
     <ror:sortOrder>2</ror:sortOrder>
     <ror:resourceOf>sitemap</ror:resourceOf>
</item>
</channel>
</rss>
  